ticker,asset_type,size_metric_name,size_metric,price,ttm_dividends,dividend_yield,beta_1y,realized_vol_1y,total_return_3y,max_drawdown_3y,selected_expiration,selected_dte,selected_strike,selected_call_bid,selected_call_ask,selected_call_mid,selected_call_open_interest,selected_call_volume,expiration_total_call_open_interest,selected_call_otm_pct,selected_call_spread_pct,selected_call_yield,annualized_call_yield,metrics_signature,as_of_date,error
SPY,ETF,marketCap,642392326144.0,699.9400024414062,7.382,0.0105466182447801,0.9999999999999998,0.1328069538672378,0.7752537474543595,0.1875523871783363,2026-05-22,36.0,735.0,0.0,0.0,1.76,0.0,737.0,0.0,0.0500900040522098,0.0,0.002514501234193,0.0254942486244572,"{""benchmark"":""SPY"",""history_period"":""4y"",""option_dte_max"":45,""option_dte_min"":25,""option_target_dte"":35,""target_otm_pct"":0.05}",2026-04-16,
QQQ,ETF,marketCap,250561953792.0,637.4000244140625,2.8120000000000003,0.0044116722502245,1.2341826756860377,0.1707280333875402,1.0539726387081196,0.2276829600805572,2026-05-22,36.0,670.0,0.0,0.0,3.99,0.0,992.0,0.0,0.0511452374290468,0.0,0.0062598052199132,0.0634674695907874,"{""benchmark"":""SPY"",""history_period"":""4y"",""option_dte_max"":45,""option_dte_min"":25,""option_target_dte"":35,""target_otm_pct"":0.05}",2026-04-16,
IWM,ETF,marketCap,75712061440.0,269.3900146484375,2.537,0.0094175725232832,1.228373554853159,0.1959779997498248,0.5761457263601719,0.2750308475602221,2026-05-22,36.0,285.0,0.0,0.0,1.83,0.0,3292.0,0.0,0.05794567171294,0.0,0.0067931248394199,0.0688747379552298,"{""benchmark"":""SPY"",""history_period"":""4y"",""option_dte_max"":45,""option_dte_min"":25,""option_target_dte"":35,""target_otm_pct"":0.05}",2026-04-16,
IVV,ETF,marketCap,437067743232.0,703.1900024414062,8.06,0.0114620514683321,0.9943732347813778,0.1321234520311888,0.7799658794161417,0.1875450397678504,2026-05-22,36.0,690.0,0.0,0.0,16.71,0.0,2.0,0.0,-0.0187573805025837,0.0,0.0237631364808722,0.2409318004310654,"{""benchmark"":""SPY"",""history_period"":""4y"",""option_dte_max"":45,""option_dte_min"":25,""option_target_dte"":35,""target_otm_pct"":0.05}",2026-04-16,
VOO,ETF,totalAssets,1421127057408.0,643.4500122070312,7.128,0.0110777836114276,0.9965050223126312,0.1323741136784163,0.7797188940617288,0.1868938887292031,2026-05-22,36.0,675.0,0.0,0.0,1.15,0.0,3.0,0.0,0.0490325389609558,0.0,0.0017872406219334,0.0181206340834922,"{""benchmark"":""SPY"",""history_period"":""4y"",""option_dte_max"":45,""option_dte_min"":25,""option_target_dte"":35,""target_otm_pct"":0.05}",2026-04-16,
RSP,ETF,marketCap,31068598272.0,199.72999572753903,3.118,0.0156110752851234,0.8018135608098855,0.1274704200016005,0.4484935926909945,0.1780953595976222,2026-05-22,36.0,202.5,0.0,0.0,1.44,0.0,,0.0,0.0138687444635989,0.0,0.0072097332939633,0.0730986847860175,"{""benchmark"":""SPY"",""history_period"":""4y"",""option_dte_max"":45,""option_dte_min"":25,""option_target_dte"":35,""target_otm_pct"":0.05}",2026-04-16,
DIA,ETF,marketCap,39380058112.0,484.7200012207031,7.0440000000000005,0.0145321009701696,0.8720521125998283,0.1315232916032407,0.5137197096283324,0.1595432594759025,2026-05-22,36.0,510.0,0.0,0.0,1.18,0.0,1.0,0.0,0.052153818112792,0.0,0.0024343951085746,0.0246820615174934,"{""benchmark"":""SPY"",""history_period"":""4y"",""option_dte_max"":45,""option_dte_min"":25,""option_target_dte"":35,""target_otm_pct"":0.05}",2026-04-16,
XLF,ETF,marketCap,46089322496.0,52.16999816894531,0.792,0.0151811391182192,0.8498920968646847,0.1535296317104587,0.6931882920114711,0.1554028047713725,2026-05-22,36.0,55.0,0.0,0.0,0.3,0.0,127.0,0.0,0.0542457720985558,0.0,0.0057504314841739,0.058302985881208,"{""benchmark"":""SPY"",""history_period"":""4y"",""option_dte_max"":45,""option_dte_min"":25,""option_target_dte"":35,""target_otm_pct"":0.05}",2026-04-16,
XLK,ETF,marketCap,40890015744.0,150.3000030517578,0.765,0.0050898202559354,1.4409321812529112,0.2113685223055927,1.0793585988967431,0.2565630300156897,2026-05-22,36.0,156.0,0.0,0.0,2.16,0.0,4.0,0.0,0.0379241306221351,0.0,0.0143712571932295,0.1457085798757997,"{""benchmark"":""SPY"",""history_period"":""4y"",""option_dte_max"":45,""option_dte_min"":25,""option_target_dte"":35,""target_otm_pct"":0.05}",2026-04-16,
EEM,ETF,marketCap,46799282176.0,62.20000076293945,1.215,0.0195337618182784,0.9633829975801376,0.1818761216204482,0.6883825566408621,0.1729243404422158,2026-05-22,36.0,65.0,0.0,0.0,0.8,0.0,2524.0,0.0,0.0450160643523476,0.0,0.0128617361766442,0.1304037140131989,"{""benchmark"":""SPY"",""history_period"":""4y"",""option_dte_max"":45,""option_dte_min"":25,""option_target_dte"":35,""target_otm_pct"":0.05}",2026-04-16,
EFA,ETF,marketCap,96946102272.0,103.30999755859376,3.247,0.0314296784118924,0.7820261702668132,0.1434915695143221,0.5775274950848792,0.1405348189539503,2026-05-22,36.0,105.0,0.0,0.0,1.85,0.0,1.0,0.0,0.0163585565903023,0.0,0.017907269806591,0.1815598188723813,"{""benchmark"":""SPY"",""history_period"":""4y"",""option_dte_max"":45,""option_dte_min"":25,""option_target_dte"":35,""target_otm_pct"":0.05}",2026-04-16,
XLV,ETF,marketCap,29172017152.0,147.77000427246094,2.5069999999999997,0.0169655540875369,0.5592386413323914,0.160100808283057,0.1602968935138726,0.1710899444810851,2026-05-22,36.0,155.0,0.0,0.0,0.87,0.0,1.0,0.0,0.0489273568281711,0.0,0.0058875277447774,0.0596929896345494,"{""benchmark"":""SPY"",""history_period"":""4y"",""option_dte_max"":45,""option_dte_min"":25,""option_target_dte"":35,""target_otm_pct"":0.05}",2026-04-16,
XLI,ETF,marketCap,23387637760.0,171.17999267578125,2.047,0.0119581731953749,0.9287460272361238,0.1537939664852924,0.8036570575448405,0.1849071383832166,2026-05-22,36.0,180.0,0.0,0.0,2.03,0.0,1.0,0.0,0.0515247558219262,0.0,0.0118588625239917,0.1202356894793605,"{""benchmark"":""SPY"",""history_period"":""4y"",""option_dte_max"":45,""option_dte_min"":25,""option_target_dte"":35,""target_otm_pct"":0.05}",2026-04-16,
VTI,ETF,marketCap,715931123712.0,345.239990234375,3.769,0.010917043525118,1.0159834795071228,0.1354108761517052,0.7631620269493837,0.1930360003553389,2026-05-15,29.0,365.0,0.0,0.0,0.35,0.0,9.0,0.0,0.0572355761921161,0.0,0.0010137875388143,0.0127597397126634,"{""benchmark"":""SPY"",""history_period"":""4y"",""option_dte_max"":45,""option_dte_min"":25,""option_target_dte"":35,""target_otm_pct"":0.05}",2026-04-16,
IEFA,ETF,totalAssets,169633218560.0,96.43000030517578,3.178,0.0329565486875708,0.7761245392002983,0.1428250476249129,0.5870491599801784,0.1375715520877054,2026-05-15,29.0,98.0,0.0,0.0,1.12,0.0,1.0,0.0,0.0162812370616569,0.0,0.011614642709276,0.1461842961684748,"{""benchmark"":""SPY"",""history_period"":""4y"",""option_dte_max"":45,""option_dte_min"":25,""option_target_dte"":35,""target_otm_pct"":0.05}",2026-04-16,
QQQM,ETF,totalAssets,68830765056.0,262.4800109863281,1.269,0.0048346538665228,1.2306437087574202,0.1702771259341359,1.0594187163114022,0.2270341593196707,2026-05-15,29.0,275.0,0.0,0.0,1.3,0.0,64.0,0.0,0.0476988284426884,0.0,0.0049527580980927,0.0623364381311668,"{""benchmark"":""SPY"",""history_period"":""4y"",""option_dte_max"":45,""option_dte_min"":25,""option_target_dte"":35,""target_otm_pct"":0.05}",2026-04-16,
IWF,ETF,marketCap,132795310080.0,468.9100036621094,1.689,0.0036019704992625,1.2316115081804069,0.1706804100439068,0.966240321954124,0.2335668776180857,2026-05-15,29.0,490.0,0.0,0.0,0.96,0.0,1.0,246.0,0.0449766398097315,0.0,0.0020473011718721,0.0257677561287353,"{""benchmark"":""SPY"",""history_period"":""4y"",""option_dte_max"":45,""option_dte_min"":25,""option_target_dte"":35,""target_otm_pct"":0.05}",2026-04-16,
VEA,ETF,totalAssets,282201522176.0,68.69999694824219,1.877,0.0273216897143985,0.7989709866131699,0.1459898815592068,0.661977570818624,0.1345333958583517,2026-05-15,29.0,72.0,0.0,0.0,0.34,0.0,26.0,0.0,0.0480349810531142,0.0,0.0049490540771952,0.0622898185578024,"{""benchmark"":""SPY"",""history_period"":""4y"",""option_dte_max"":45,""option_dte_min"":25,""option_target_dte"":35,""target_otm_pct"":0.05}",2026-04-16,
IEMG,ETF,marketCap,87794532352.0,76.29000091552734,1.849,0.0242364658252831,0.9425657021399004,0.1774752548784959,0.6960991265146736,0.1720626167574837,2026-05-15,29.0,80.0,0.0,0.0,0.8,0.0,2.0,0.0,0.0486302141820731,0.0,0.0104863021418207,0.1319827683367092,"{""benchmark"":""SPY"",""history_period"":""4y"",""option_dte_max"":45,""option_dte_min"":25,""option_target_dte"":35,""target_otm_pct"":0.05}",2026-04-16,
SPLG,ETF,totalAssets,97328324608.0,82.37999725341797,0.8841410000000001,0.0107324718314835,0.9991865255178078,0.1330740836341884,0.7797037631984562,0.1872341782679583,2026-06-18,63.0,86.0,0.0,0.0,2.85,31.0,1.0,2866.0,0.0439427393454039,0.0,0.0345957768271442,0.2004358498715497,"{""benchmark"":""SPY"",""history_period"":""4y"",""option_dte_max"":45,""option_dte_min"":25,""option_target_dte"":35,""target_otm_pct"":0.05}",2026-04-16,
IWD,ETF,marketCap,68415709184.0,224.02000427246097,3.5789999999999997,0.0159762518156507,0.7498776186504472,0.115844767693327,0.5433936847470007,0.1571345026578672,2026-05-15,29.0,235.0,0.0,0.0,0.4,0.0,28.0,189.0,0.0490134609326442,0.0,0.0017855548271193,0.0224733624792613,"{""benchmark"":""SPY"",""history_period"":""4y"",""option_dte_max"":45,""option_dte_min"":25,""option_target_dte"":35,""target_otm_pct"":0.05}",2026-04-16,
VTV,ETF,marketCap,85715673088.0,202.0399932861328,3.972,0.0196594740249014,0.6482423767586126,0.1100222618904101,0.5485672917630313,0.1451953475689873,2026-05-15,29.0,210.0,0.0,0.0,0.45,0.0,4.0,196.0,0.0393981735219821,0.0,0.0022272818004042,0.028033029556812,"{""benchmark"":""SPY"",""history_period"":""4y"",""option_dte_max"":45,""option_dte_min"":25,""option_target_dte"":35,""target_otm_pct"":0.05}",2026-04-16,
XLC,ETF,totalAssets,24108154880.0,117.36000061035156,1.3969999999999998,0.0119035445870369,0.7939998699278227,0.1392786482834573,1.0677788389738407,0.1797084647189051,2026-05-22,36.0,121.0,0.0,0.0,1.05,0.0,1.0,0.0,0.0310156728929615,0.0,0.008946830219319,0.0907109175014296,"{""benchmark"":""SPY"",""history_period"":""4y"",""option_dte_max"":45,""option_dte_min"":25,""option_target_dte"":35,""target_otm_pct"":0.05}",2026-04-16,
IJR,ETF,marketCap,74826096640.0,132.25999450683594,1.598,0.0120822627126104,1.1003849504292211,0.1844071084361299,0.4451149834427976,0.2802412585809234,2026-05-15,29.0,140.0,0.0,0.0,0.55,0.0,5.0,28.0,0.0585211387768809,0.0,0.0041584759023377,0.0523394380811475,"{""benchmark"":""SPY"",""history_period"":""4y"",""option_dte_max"":45,""option_dte_min"":25,""option_target_dte"":35,""target_otm_pct"":0.05}",2026-04-16,
VUG,ETF,marketCap,117562261504.0,485.6600036621094,1.988,0.0040933986431032,1.2500324012528938,0.1738624769512751,1.0040686829035352,0.2284542611248503,2026-05-15,29.0,500.0,0.0,0.0,4.6,0.0,68.0,0.0,0.0295268217060498,0.0,0.0094716467596956,0.1192121057685832,"{""benchmark"":""SPY"",""history_period"":""4y"",""option_dte_max"":45,""option_dte_min"":25,""option_target_dte"":35,""target_otm_pct"":0.05}",2026-04-16,
EWJ,ETF,marketCap,20294598656.0,89.06999969482422,3.652,0.0410014596666964,0.9180858229718912,0.1944915149722052,0.6811987670576667,0.1467618828956735,2026-05-22,36.0,93.0,0.0,0.0,1.27,0.0,7.0,0.0,0.0441226037795097,0.0,0.0142584484602148,0.1445648246660668,"{""benchmark"":""SPY"",""history_period"":""4y"",""option_dte_max"":45,""option_dte_min"":25,""option_target_dte"":35,""target_otm_pct"":0.05}",2026-04-16,
ACWI,ETF,totalAssets,28206403584.0,148.8000030517578,2.196,0.014758064213454,0.9466587332291234,0.1306069683049507,0.715045901748038,0.1654717123897126,2026-05-15,29.0,150.0,0.0,0.0,0.73,0.0,,0.0,0.0080644954545114,0.0,0.0049059138778786,0.0617468470836447,"{""benchmark"":""SPY"",""history_period"":""4y"",""option_dte_max"":45,""option_dte_min"":25,""option_target_dte"":35,""target_otm_pct"":0.05}",2026-04-16,
MDY,ETF,marketCap,36097396736.0,651.4000244140625,7.122,0.0109333738610253,1.0269594375597275,0.1638987573283736,0.4811945859460012,0.2403443614574618,2026-05-15,29.0,680.0,0.0,0.0,2.81,0.0,2.0,0.0,0.0439053953239614,0.0,0.0043137855306769,0.0542941971964513,"{""benchmark"":""SPY"",""history_period"":""4y"",""option_dte_max"":45,""option_dte_min"":25,""option_target_dte"":35,""target_otm_pct"":0.05}",2026-04-16,
VT,ETF,totalAssets,79217811456.0,148.6199951171875,2.5149999999999997,0.0169223528638721,0.935664860505038,0.129818198202608,0.7105106834914405,0.1651450092385108,2026-05-15,29.0,155.0,0.0,0.0,0.41,0.0,78.0,25.0,0.0429283077137894,0.0,0.0027587135881461,0.034721739988736,"{""benchmark"":""SPY"",""history_period"":""4y"",""option_dte_max"":45,""option_dte_min"":25,""option_target_dte"":35,""target_otm_pct"":0.05}",2026-04-16,
SCHD,ETF,totalAssets,84820000768.0,30.649999618530273,1.0550000000000002,0.034420881341942,0.4522075615310284,0.1175228351755991,0.398182089649377,0.1612483243147001,2026-05-22,36.0,32.0,0.0,0.0,0.06,0.0,16.0,0.0,0.0440456899925554,0.0,0.001957585668736,0.0198477435857959,"{""benchmark"":""SPY"",""history_period"":""4y"",""option_dte_max"":45,""option_dte_min"":25,""option_target_dte"":35,""target_otm_pct"":0.05}",2026-04-16,
VWO,ETF,marketCap,82378588160.0,58.09000015258789,1.452,0.0249956962676185,0.8272944580622275,0.1529993432675571,0.5694758923076748,0.1736790808132112,2026-05-15,29.0,61.0,0.0,0.0,0.45,0.0,3.0,0.0,0.0500946779095932,0.0,0.0077466000829396,0.0975003113887228,"{""benchmark"":""SPY"",""history_period"":""4y"",""option_dte_max"":45,""option_dte_min"":25,""option_target_dte"":35,""target_otm_pct"":0.05}",2026-04-16,
VXUS,ETF,totalAssets,582269730816.0,82.6500015258789,2.2880000000000003,0.0276830000938789,0.8059645646687965,0.142257626874309,0.6379652708635262,0.1357994832214794,2026-05-15,29.0,86.0,0.0,0.0,0.46,0.0,1.0,0.0,0.0405323461860089,0.0,0.0055656381307623,0.0700502730251126,"{""benchmark"":""SPY"",""history_period"":""4y"",""option_dte_max"":45,""option_dte_min"":25,""option_target_dte"":35,""target_otm_pct"":0.05}",2026-04-16,
SCHX,ETF,totalAssets,61436944384.0,27.59000015258789,0.299,0.0108372598168309,1.007197026592354,0.1340670514917825,0.7795947733075534,0.1903751409817511,2026-05-15,29.0,29.0,0.0,0.0,0.25,0.0,1.0,3.0,0.051105467184271,0.0,0.0090612540274506,0.1140468179317059,"{""benchmark"":""SPY"",""history_period"":""4y"",""option_dte_max"":45,""option_dte_min"":25,""option_target_dte"":35,""target_otm_pct"":0.05}",2026-04-16,
IWB,ETF,marketCap,48010829824.0,383.3200073242187,3.765,0.009822080580353,1.0004348635512483,0.133158428433935,0.7653766289912587,0.1909491164470148,2026-05-15,29.0,400.0,0.0,0.0,0.73,0.0,8.0,8.0,0.0435145370893019,0.0,0.0019044140301879,0.0239693490006417,"{""benchmark"":""SPY"",""history_period"":""4y"",""option_dte_max"":45,""option_dte_min"":25,""option_target_dte"":35,""target_otm_pct"":0.05}",2026-04-16,
SCHG,ETF,totalAssets,48416563200.0,32.09000015258789,0.126,0.0039264568214668,1.2376608000252305,0.1711576534562144,1.0149920738831937,0.2339261301231261,2026-05-15,29.0,34.0,0.0,0.0,0.1,0.0,62.0,0.0,0.0595200946815226,0.0,0.0031162355725927,0.0392215856550462,"{""benchmark"":""SPY"",""history_period"":""4y"",""option_dte_max"":45,""option_dte_min"":25,""option_target_dte"":35,""target_otm_pct"":0.05}",2026-04-16,
VGT,ETF,totalAssets,121284206592.0,784.02001953125,3.0629999999999997,0.0039067879948158,1.4654049412227532,0.2130445621174805,1.1169622524530154,0.2722878063366321,2026-05-15,29.0,825.0,0.0,0.0,4.5,0.0,3.0,84.0,0.0522690485547181,0.0,0.005739649355753,0.0722404143051671,"{""benchmark"":""SPY"",""history_period"":""4y"",""option_dte_max"":45,""option_dte_min"":25,""option_target_dte"":35,""target_otm_pct"":0.05}",2026-04-16,
VNQ,ETF,marketCap,34904367104.0,94.29000091552734,3.487,0.036981651990055,0.4727014283758308,0.1344727427817448,0.2806348058289147,0.1745481764935815,2026-05-15,29.0,99.0,0.0,0.0,0.13,0.0,31.0,0.0,0.049952264701877,0.0,0.0013787251960731,0.0173529205712657,"{""benchmark"":""SPY"",""history_period"":""4y"",""option_dte_max"":45,""option_dte_min"":25,""option_target_dte"":35,""target_otm_pct"":0.05}",2026-04-16,
VIG,ETF,totalAssets,117045436416.0,224.3699951171875,3.4530000000000003,0.0153897583239528,0.7578974532752493,0.1123981147119638,0.5275359946080287,0.1495047285710901,2026-05-15,29.0,235.0,0.0,0.0,0.16,0.0,2.0,45.0,0.047377123118715,0.0,0.0007131078285063,0.0089753226691317,"{""benchmark"":""SPY"",""history_period"":""4y"",""option_dte_max"":45,""option_dte_min"":25,""option_target_dte"":35,""target_otm_pct"":0.05}",2026-04-16,
VONG,ETF,totalAssets,44948783104.0,120.6500015258789,0.556,0.004608371263723,1.2286970809162134,0.1702688975271582,0.9729333313454916,0.2326569189548345,,,,,,,,,,,,,,"{""benchmark"":""SPY"",""history_period"":""4y"",""option_dte_max"":45,""option_dte_min"":25,""option_target_dte"":35,""target_otm_pct"":0.05}",2026-04-16,
JEPI,ETF,totalAssets,43964334080.0,57.61000061035156,4.775,0.0828849149350991,0.5412201744633344,0.0872460823030007,0.3360109965723292,0.1325786062445925,2026-05-15,29.0,60.0,0.0,0.0,0.06,0.0,10.0,0.0,0.0414858421164292,0.0,0.0010414858421164,0.0131083562887067,"{""benchmark"":""SPY"",""history_period"":""4y"",""option_dte_max"":45,""option_dte_min"":25,""option_target_dte"":35,""target_otm_pct"":0.05}",2026-04-16,
VGK,ETF,marketCap,24832645120.0,88.02999877929688,2.4770000000000003,0.0281381351169863,0.7527954367386717,0.1436936340516347,0.5721172983727711,0.1430656731790939,2026-05-15,29.0,90.0,0.0,0.0,1.05,0.0,3.0,0.0,0.0223787486995448,0.0,0.0119277520681613,0.1501251553406515,"{""benchmark"":""SPY"",""history_period"":""4y"",""option_dte_max"":45,""option_dte_min"":25,""option_target_dte"":35,""target_otm_pct"":0.05}",2026-04-16,
SCHF,ETF,totalAssets,56551763968.0,26.5,0.8220000000000001,0.0310188679245283,0.8067799052049169,0.1471337191214362,0.6608513612820954,0.1340808702140437,2026-05-15,29.0,27.0,0.0,0.0,0.35,0.0,32.0,0.0,0.0188679245283018,0.0,0.0132075471698113,0.1662329212752114,"{""benchmark"":""SPY"",""history_period"":""4y"",""option_dte_max"":45,""option_dte_min"":25,""option_target_dte"":35,""target_otm_pct"":0.05}",2026-04-16,
VEU,ETF,marketCap,37239341056.0,80.48999786376953,2.193,0.0272456212970918,0.8087761403179863,0.142965365843651,0.6461276196968577,0.1369297858339547,2026-05-15,29.0,82.0,0.0,0.0,0.9,0.0,6.0,0.0,0.0187601214598882,0.0,0.0111815135282182,0.1407328426827474,"{""benchmark"":""SPY"",""history_period"":""4y"",""option_dte_max"":45,""option_dte_min"":25,""option_target_dte"":35,""target_otm_pct"":0.05}",2026-04-16,
IWR,ETF,marketCap,35755208704.0,102.26000213623048,1.242,0.0121455111877018,0.9395040624471636,0.1448208712740763,0.5292870972199071,0.2109413274974113,2026-05-15,29.0,106.0,0.0,1.4,1.43,3.0,,68.0,0.0365734185961301,0.979020979020979,0.0139839621565327,0.1760050409356702,"{""benchmark"":""SPY"",""history_period"":""4y"",""option_dte_max"":45,""option_dte_min"":25,""option_target_dte"":35,""target_otm_pct"":0.05}",2026-04-16,
IVE,ETF,marketCap,28984428544.0,218.0099945068359,3.4539999999999997,0.0158433103391124,0.725597754663925,0.1109242832255361,0.5174992721846663,0.175836540386457,2026-05-15,29.0,220.0,0.0,0.0,2.7,0.0,1.0,0.0,0.0091280470772254,0.0,0.0123847533050386,0.1558770674599695,"{""benchmark"":""SPY"",""history_period"":""4y"",""option_dte_max"":45,""option_dte_min"":25,""option_target_dte"":35,""target_otm_pct"":0.05}",2026-04-16,
SCHB,ETF,totalAssets,36927254528.0,27.010000228881836,0.295,0.0109218806923428,1.008644790775939,0.1344848662281604,0.7633002072164468,0.1934354335627828,2026-05-15,29.0,27.0,0.0,0.0,0.5,0.0,6.0,0.0,-0.0003702417177746,0.0,0.0185116621904115,0.232991610327594,"{""benchmark"":""SPY"",""history_period"":""4y"",""option_dte_max"":45,""option_dte_min"":25,""option_target_dte"":35,""target_otm_pct"":0.05}",2026-04-16,
VYM,ETF,totalAssets,88722817024.0,153.0500030517578,3.513,0.0229532827830914,0.6870598124012912,0.1105159316128028,0.5613552365168042,0.144553170425108,2026-05-15,29.0,161.0,0.0,0.0,0.27,0.0,2.0,0.0,0.0519437882373232,0.0,0.001764129334311,0.0222036967939148,"{""benchmark"":""SPY"",""history_period"":""4y"",""option_dte_max"":45,""option_dte_min"":25,""option_target_dte"":35,""target_otm_pct"":0.05}",2026-04-16,
DYNF,ETF,totalAssets,30008514560.0,62.91999816894531,0.6000000000000001,0.0095359189043354,1.010778770231516,0.1365441920884357,0.9962481316300658,0.1869944606804211,2026-05-15,29.0,66.0,0.0,0.0,0.09,0.0,,0.0,0.0489510794769039,0.0,0.0014303878356503,0.0180031572418057,"{""benchmark"":""SPY"",""history_period"":""4y"",""option_dte_max"":45,""option_dte_min"":25,""option_target_dte"":35,""target_otm_pct"":0.05}",2026-04-16,
SPDW,ETF,totalAssets,35649814528.0,48.880001068115234,1.4660000000000002,0.0299918160385696,0.7993812139812801,0.1457089937995608,0.6595195052420453,0.1352925893921166,2026-05-15,29.0,50.0,0.0,0.0,0.74,0.0,15.0,3.0,0.0229132346033305,0.0,0.0151391158721292,0.1905440445974893,"{""benchmark"":""SPY"",""history_period"":""4y"",""option_dte_max"":45,""option_dte_min"":25,""option_target_dte"":35,""target_otm_pct"":0.05}",2026-04-16,
USMV,ETF,totalAssets,22560100352.0,93.94000244140624,1.4700000000000002,0.0156482857334061,0.4384925040840742,0.0941867734483183,0.3421062326839914,0.0935946956331466,2026-05-15,29.0,97.0,0.0,0.0,0.37,0.0,2.0,0.0,0.0325739565580955,0.0,0.0039386841641906,0.0495730937906757,"{""benchmark"":""SPY"",""history_period"":""4y"",""option_dte_max"":45,""option_dte_min"":25,""option_target_dte"":35,""target_otm_pct"":0.05}",2026-04-16,
VO,ETF,marketCap,46485987328.0,301.9100036621094,4.33,0.0143420222830576,0.867102281631869,0.132974308857062,0.5066005424560986,0.1901853657508414,2026-05-15,29.0,315.0,0.0,0.0,0.8,0.0,2.0,0.0,0.0433572792524643,0.0,0.0026497962647681,0.033350884022082,"{""benchmark"":""SPY"",""history_period"":""4y"",""option_dte_max"":45,""option_dte_min"":25,""option_target_dte"":35,""target_otm_pct"":0.05}",2026-04-16,
EFV,ETF,totalAssets,28638212096.0,78.25,2.972,0.0379808306709265,0.6325991663635429,0.1358312355767033,0.8156582802716623,0.1371644833599238,2026-05-15,29.0,80.0,0.0,0.0,1.02,0.0,1.0,0.0,0.0223642172523961,0.0,0.013035143769968,0.1640630164151151,"{""benchmark"":""SPY"",""history_period"":""4y"",""option_dte_max"":45,""option_dte_min"":25,""option_target_dte"":35,""target_otm_pct"":0.05}",2026-04-16,
IXUS,ETF,totalAssets,51986108416.0,92.93000030517578,2.741,0.0294953189604943,0.8134137172218232,0.1433238324558127,0.6410321596885029,0.1374636197693628,2026-05-15,29.0,95.0,0.0,0.0,0.9,0.0,12.0,17.0,0.0222748271605131,0.0,0.009684708888889,0.1218937498084314,"{""benchmark"":""SPY"",""history_period"":""4y"",""option_dte_max"":45,""option_dte_min"":25,""option_target_dte"":35,""target_otm_pct"":0.05}",2026-04-16,
MTUM,ETF,totalAssets,20236066816.0,269.989990234375,1.967,0.0072854552803697,1.211020182880337,0.1856186253899629,0.937793059475488,0.2099199000465911,2026-05-15,29.0,285.0,0.0,0.0,0.95,0.0,1.0,76.0,0.0555946898349639,0.0,0.0035186489661165,0.0442864438838806,"{""benchmark"":""SPY"",""history_period"":""4y"",""option_dte_max"":45,""option_dte_min"":25,""option_target_dte"":35,""target_otm_pct"":0.05}",2026-04-16,
VB,ETF,marketCap,245848424448.0,278.2799987792969,3.501,0.0125808538714873,1.1036554542887833,0.1728276480677416,0.5433646313333345,0.2536141329549846,2026-05-15,29.0,295.0,0.0,0.0,0.65,0.0,27.0,0.0,0.0600833739185249,0.0,0.0023357769255831,0.0293985716495815,"{""benchmark"":""SPY"",""history_period"":""4y"",""option_dte_max"":45,""option_dte_min"":25,""option_target_dte"":35,""target_otm_pct"":0.05}",2026-04-16,
MGK,ETF,totalAssets,27851730944.0,409.010009765625,1.432,0.0035011368079245,1.2691642376222172,0.1782856170986048,1.054130744761943,0.2336292953978984,2026-05-15,29.0,420.0,0.0,0.0,2.18,0.0,1.0,0.0,0.0268697341678083,0.0,0.0053299429059186,0.0670837641606999,"{""benchmark"":""SPY"",""history_period"":""4y"",""option_dte_max"":45,""option_dte_min"":25,""option_target_dte"":35,""target_otm_pct"":0.05}",2026-04-16,
IDEV,ETF,totalAssets,27528067072.0,88.9800033569336,2.808,0.0315576522146893,0.7573437048565911,0.1381408673746305,0.6096708160992381,0.1341088084629272,2026-05-15,29.0,95.0,0.0,0.0,0.01,0.0,,0.0,0.0676556126764553,0.0,0.0001123848013343,0.0014144983616221,"{""benchmark"":""SPY"",""history_period"":""4y"",""option_dte_max"":45,""option_dte_min"":25,""option_target_dte"":35,""target_otm_pct"":0.05}",2026-04-16,
FNDX,ETF,totalAssets,23670581248.0,29.010000228881836,0.4509999999999999,0.015546363200335,0.7642464497541247,0.1151116638283827,0.6611472006740002,0.1630320910537479,2026-05-15,29.0,37.0,0.0,0.0,2.99,0.0,,0.0,0.275422258120614,0.0,0.103067906804882,1.297233999440757,"{""benchmark"":""SPY"",""history_period"":""4y"",""option_dte_max"":45,""option_dte_min"":25,""option_target_dte"":35,""target_otm_pct"":0.05}",2026-04-16,
DGRO,ETF,totalAssets,37549682688.0,72.36000061035156,1.471,0.0203289108290798,0.6495314268149802,0.1056126014438047,0.5385857016716948,0.1402626280356284,2026-05-15,29.0,74.0,0.0,0.0,0.34,0.0,2.0,0.0,0.022664446874173,0.0,0.0046987285396921,0.0591391695512977,"{""benchmark"":""SPY"",""history_period"":""4y"",""option_dte_max"":45,""option_dte_min"":25,""option_target_dte"":35,""target_otm_pct"":0.05}",2026-04-16,
AVEM,ETF,totalAssets,19935643648.0,87.83999633789062,1.946,0.0221539171349051,0.9619197917681666,0.1778547451558061,0.7995862317327374,0.1801809353673602,2026-05-15,29.0,95.0,0.0,0.0,1.94,0.0,,42.0,0.0815118847975273,0.0,0.0220856111211284,0.2779740710073064,"{""benchmark"":""SPY"",""history_period"":""4y"",""option_dte_max"":45,""option_dte_min"":25,""option_target_dte"":35,""target_otm_pct"":0.05}",2026-04-16,
VV,ETF,marketCap,34657783808.0,321.8800048828125,3.388,0.0105256615776226,1.0094124528219284,0.1343549992073924,0.7915993587358985,0.18974682382103,2026-05-15,,,,,,,,,,,,,"{""benchmark"":""SPY"",""history_period"":""4y"",""option_dte_max"":45,""option_dte_min"":25,""option_target_dte"":35,""target_otm_pct"":0.05}",2026-04-16,
RDVY,ETF,totalAssets,19852767232.0,73.47000122070312,0.7010000000000001,0.0095413092194486,1.0035812178768189,0.1500863032644294,0.7021895637470421,0.191092671796605,2026-04-17,1.0,72.0,0.0,0.0,0.7,0.0,2.0,0.0,-0.0200081828811633,0.0,0.0095276982219886,3.4776098510258713,"{""benchmark"":""SPY"",""history_period"":""4y"",""option_dte_max"":45,""option_dte_min"":25,""option_target_dte"":35,""target_otm_pct"":0.05}",2026-04-16,
IWV,ETF,marketCap,21889333248.0,398.3500061035156,3.656,0.0091778585263783,1.0087802005192723,0.1345520577967045,0.7523027853853019,0.1927660059339632,2026-05-15,29.0,415.0,0.0,0.0,0.85,0.0,3.0,8.0,0.0417973983717165,0.0,0.0021338019002794,0.026856472193172,"{""benchmark"":""SPY"",""history_period"":""4y"",""option_dte_max"":45,""option_dte_min"":25,""option_target_dte"":35,""target_otm_pct"":0.05}",2026-04-16,
